timestamp,ip,page
2026-03-01-00:03:39,fadfcff19e72271d21d468d1266a0f85dcda48abc7c011a1b847004360409efb,/cart
2026-03-01-00:10:29,5be633a27327e43c2a2ed458acc0506eaf8c42d0f762efe0bee7cd9c13696dec,/contact
2026-03-01-00:41:19,09339a56a293b15216637c07b06e0c740b6e995992566a378247d5f51d889c54,/product/apple
2026-03-01-00:54:04,a0029a22d6ff73d2c871670096e2b3af1bdb5309dc3c76e43934e7e8b05ff57b,/about
2026-03-01-02:05:01,6bab1b87841bf464055ec4d4cf77fbdc8631470ce4f8b6148633c2ed3ddf6c11,/index
2026-03-01-02:44:35,261993b6bed8235988e2c9b5e94c7734f0497f9efbd79568ec25e29c5350ecf7,/contact
2026-03-01-02:48:10,737e220ecb148dbb8dca2955250651a711982a87253230a90313ddfc9b5312ba,/contact
2026-03-01-03:28:36,a0029a22d6ff73d2c871670096e2b3af1bdb5309dc3c76e43934e7e8b05ff57b,/product/banana
2026-03-01-03:43:42,6bab1b87841bf464055ec4d4cf77fbdc8631470ce4f8b6148633c2ed3ddf6c11,/index
2026-03-01-03:56:59,5fc01760183c7037c0612bfe3cc650817a10502286ad615739d7faa0deaf7d0a,/cart
2026-03-01-04:05:34,5be633a27327e43c2a2ed458acc0506eaf8c42d0f762efe0bee7cd9c13696dec,/about
2026-03-01-04:11:54,f56d2c1308ebf96298d2a36a872cc08d2e0c8e5e386e9470d107252fedc053b0,/contact
2026-03-01-07:00:24,261993b6bed8235988e2c9b5e94c7734f0497f9efbd79568ec25e29c5350ecf7,/checkout
2026-03-01-07:39:32,fadfcff19e72271d21d468d1266a0f85dcda48abc7c011a1b847004360409efb,/search
2026-03-01-08:11:25,c7de7e6f68af489fec8f93ed4cd9384e81af31a59d0877f8ee040273e51180ae,/product/apple
2026-03-01-08:40:25,09339a56a293b15216637c07b06e0c740b6e995992566a378247d5f51d889c54,/about
2026-03-01-09:33:21,c7de7e6f68af489fec8f93ed4cd9384e81af31a59d0877f8ee040273e51180ae,/products
2026-03-01-09:33:25,5be633a27327e43c2a2ed458acc0506eaf8c42d0f762efe0bee7cd9c13696dec,/about
2026-03-01-10:05:06,261993b6bed8235988e2c9b5e94c7734f0497f9efbd79568ec25e29c5350ecf7,/about
2026-03-01-10:56:27,261993b6bed8235988e2c9b5e94c7734f0497f9efbd79568ec25e29c5350ecf7,/cart
2026-03-01-11:33:48,c7de7e6f68af489fec8f93ed4cd9384e81af31a59d0877f8ee040273e51180ae,/index
2026-03-01-11:35:32,5be633a27327e43c2a2ed458acc0506eaf8c42d0f762efe0bee7cd9c13696dec,/product/orange
2026-03-01-11:52:37,09339a56a293b15216637c07b06e0c740b6e995992566a378247d5f51d889c54,/checkout
2026-03-01-12:05:27,f56d2c1308ebf96298d2a36a872cc08d2e0c8e5e386e9470d107252fedc053b0,/checkout
2026-03-01-12:08:55,737e220ecb148dbb8dca2955250651a711982a87253230a90313ddfc9b5312ba,/product/orange
2026-03-01-13:16:04,09339a56a293b15216637c07b06e0c740b6e995992566a378247d5f51d889c54,/cart
2026-03-01-13:50:52,cb1f9fc91b78b492ca0056ba10b99c6d8dc7bd88043480d1934b0cd75a3063dd,/index
2026-03-01-14:14:51,c7de7e6f68af489fec8f93ed4cd9384e81af31a59d0877f8ee040273e51180ae,/cart
2026-03-01-14:46:12,fadfcff19e72271d21d468d1266a0f85dcda48abc7c011a1b847004360409efb,/search
2026-03-01-14:49:22,737e220ecb148dbb8dca2955250651a711982a87253230a90313ddfc9b5312ba,/cart
2026-03-01-15:01:56,5be633a27327e43c2a2ed458acc0506eaf8c42d0f762efe0bee7cd9c13696dec,/product/orange
2026-03-01-15:06:35,fadfcff19e72271d21d468d1266a0f85dcda48abc7c011a1b847004360409efb,/products
2026-03-01-15:15:39,fadfcff19e72271d21d468d1266a0f85dcda48abc7c011a1b847004360409efb,/product/banana
2026-03-01-16:03:42,45f14965ce7d6d555202e5794b2bd10d6b38b846385597873c09c798515b4ec0,/product/apple
2026-03-01-16:07:59,261993b6bed8235988e2c9b5e94c7734f0497f9efbd79568ec25e29c5350ecf7,/about
2026-03-01-16:31:45,6bab1b87841bf464055ec4d4cf77fbdc8631470ce4f8b6148633c2ed3ddf6c11,/product/apple
2026-03-01-17:02:12,c7de7e6f68af489fec8f93ed4cd9384e81af31a59d0877f8ee040273e51180ae,/product/apple
2026-03-01-17:14:34,09339a56a293b15216637c07b06e0c740b6e995992566a378247d5f51d889c54,/index
2026-03-01-17:21:15,5fc01760183c7037c0612bfe3cc650817a10502286ad615739d7faa0deaf7d0a,/product/orange
2026-03-01-17:31:58,cb1f9fc91b78b492ca0056ba10b99c6d8dc7bd88043480d1934b0cd75a3063dd,/search
2026-03-01-18:43:55,a0029a22d6ff73d2c871670096e2b3af1bdb5309dc3c76e43934e7e8b05ff57b,/search
2026-03-01-18:49:19,5be633a27327e43c2a2ed458acc0506eaf8c42d0f762efe0bee7cd9c13696dec,/product/banana
2026-03-01-19:56:21,cb1f9fc91b78b492ca0056ba10b99c6d8dc7bd88043480d1934b0cd75a3063dd,/product/orange
2026-03-01-19:59:28,737e220ecb148dbb8dca2955250651a711982a87253230a90313ddfc9b5312ba,/product/banana
2026-03-01-20:58:23,09339a56a293b15216637c07b06e0c740b6e995992566a378247d5f51d889c54,/product/banana
2026-03-01-22:52:49,6bab1b87841bf464055ec4d4cf77fbdc8631470ce4f8b6148633c2ed3ddf6c11,/contact
2026-03-01-23:01:05,5fc01760183c7037c0612bfe3cc650817a10502286ad615739d7faa0deaf7d0a,/products
2026-03-01-23:26:26,c7de7e6f68af489fec8f93ed4cd9384e81af31a59d0877f8ee040273e51180ae,/cart
2026-03-01-23:37:31,6bab1b87841bf464055ec4d4cf77fbdc8631470ce4f8b6148633c2ed3ddf6c11,/product/apple
2026-03-02-00:27:26,ff0a2feac156b04269cbb8525a17fb899839b39c0045345f6594403ce643d3d4,/cart
2026-03-02-02:30:19,8f953117a8331423693ea7dc245950c4ffe68b879f7fb0fc7836ed221d47db2e,/checkout
2026-03-02-02:42:55,27a2fab8f2b5ab571a589e5e9394e498b04157a0e95ca393d52db6e6fc5656d9,/contact
2026-03-02-03:15:24,7555ab5b0e89f1567b2e0038915ad1080abcfbe01227baa18be98eaf1544e4c6,/about
2026-03-02-04:10:26,57e3da1fca0b475da9a5a0bc4005e0ac3661fff73849c36bffb4878de8e62c46,/search
2026-03-02-04:15:20,8f953117a8331423693ea7dc245950c4ffe68b879f7fb0fc7836ed221d47db2e,/product/apple
2026-03-02-04:36:18,57e3da1fca0b475da9a5a0bc4005e0ac3661fff73849c36bffb4878de8e62c46,/about
2026-03-02-05:51:13,2402e2b6901e19f2f6b44b529167be5797093862d492c2bcb9a49dd57295a46e,/product/orange
2026-03-02-06:15:26,b98aac5a6242bd3d5a9037bdfbca6a1e95282b64a137c9b59a785e998409a6cc,/search
2026-03-02-07:44:30,2402e2b6901e19f2f6b44b529167be5797093862d492c2bcb9a49dd57295a46e,/product/banana
2026-03-02-08:15:35,f2e2482fd740800a373683dea6a6e257c01f3070a0c2359f785358e58a9af36b,/search
2026-03-02-09:12:04,b98aac5a6242bd3d5a9037bdfbca6a1e95282b64a137c9b59a785e998409a6cc,/product/banana
2026-03-02-09:19:54,7555ab5b0e89f1567b2e0038915ad1080abcfbe01227baa18be98eaf1544e4c6,/about
2026-03-02-10:25:55,7555ab5b0e89f1567b2e0038915ad1080abcfbe01227baa18be98eaf1544e4c6,/search
2026-03-02-11:03:08,a1e67bed6389b299436eaf1b8332b843d30496e2cbc603df5678c1c3001531e3,/checkout
2026-03-02-11:19:07,38ea6fc87bce386d784ad6d44abc426305b4ce2627fff39ead46035a4720ed3b,/contact
2026-03-02-12:14:13,7555ab5b0e89f1567b2e0038915ad1080abcfbe01227baa18be98eaf1544e4c6,/index
2026-03-02-13:33:29,3874bfc6ffd5f375bb4f3e33b6b6d91f505333df93f00142c6f177ac8a1d81e2,/products
2026-03-02-13:50:43,8f953117a8331423693ea7dc245950c4ffe68b879f7fb0fc7836ed221d47db2e,/contact
2026-03-02-15:18:29,8f953117a8331423693ea7dc245950c4ffe68b879f7fb0fc7836ed221d47db2e,/index
2026-03-02-15:31:33,d358a7514eb1f13490af58b1958016f0fb5d7902cd2f75fc264a11e8c41523ae,/about
2026-03-02-15:40:14,38ea6fc87bce386d784ad6d44abc426305b4ce2627fff39ead46035a4720ed3b,/contact
2026-03-02-16:02:59,a1e67bed6389b299436eaf1b8332b843d30496e2cbc603df5678c1c3001531e3,/product/apple
2026-03-02-16:05:35,27a2fab8f2b5ab571a589e5e9394e498b04157a0e95ca393d52db6e6fc5656d9,/index
2026-03-02-16:21:56,b98aac5a6242bd3d5a9037bdfbca6a1e95282b64a137c9b59a785e998409a6cc,/about
2026-03-02-16:23:44,8f953117a8331423693ea7dc245950c4ffe68b879f7fb0fc7836ed221d47db2e,/product/apple
2026-03-02-17:28:18,b98aac5a6242bd3d5a9037bdfbca6a1e95282b64a137c9b59a785e998409a6cc,/products
2026-03-02-17:42:09,f2e2482fd740800a373683dea6a6e257c01f3070a0c2359f785358e58a9af36b,/products
2026-03-02-17:47:25,ff0a2feac156b04269cbb8525a17fb899839b39c0045345f6594403ce643d3d4,/product/apple
2026-03-02-17:57:47,7555ab5b0e89f1567b2e0038915ad1080abcfbe01227baa18be98eaf1544e4c6,/checkout
2026-03-02-19:46:17,a1e67bed6389b299436eaf1b8332b843d30496e2cbc603df5678c1c3001531e3,/contact
2026-03-02-20:30:02,8f953117a8331423693ea7dc245950c4ffe68b879f7fb0fc7836ed221d47db2e,/index
2026-03-02-20:45:22,a1e67bed6389b299436eaf1b8332b843d30496e2cbc603df5678c1c3001531e3,/product/banana
2026-03-02-21:22:50,b98aac5a6242bd3d5a9037bdfbca6a1e95282b64a137c9b59a785e998409a6cc,/checkout
2026-03-02-23:01:01,f2e2482fd740800a373683dea6a6e257c01f3070a0c2359f785358e58a9af36b,/index
2026-03-02-23:25:54,ff0a2feac156b04269cbb8525a17fb899839b39c0045345f6594403ce643d3d4,/cart
2026-03-02-23:36:07,8f953117a8331423693ea7dc245950c4ffe68b879f7fb0fc7836ed221d47db2e,/contact
2026-03-02-23:58:28,a1e67bed6389b299436eaf1b8332b843d30496e2cbc603df5678c1c3001531e3,/product/orange
2026-03-03-01:00:17,242c53ea958fa066797e0c79532b883f2262355352c9e298676756123b2c3ed2,/products
2026-03-03-01:20:30,64d89e7601f9e080eda5e25539a3481fe8a8ec8141509129976bad00eed27be2,/product/apple
2026-03-03-01:40:39,7230ba21754b851d61e7fdb11f112d0568cf9c766b6f135a1fda358df8e8a95f,/index
2026-03-03-02:34:15,64d89e7601f9e080eda5e25539a3481fe8a8ec8141509129976bad00eed27be2,/product/apple
2026-03-03-04:25:06,a277e8b9391f5b1a2f3afecc59dcf09e6b93e0a7d8798162bf34f7c3fb86030c,/index
2026-03-03-04:39:10,64d89e7601f9e080eda5e25539a3481fe8a8ec8141509129976bad00eed27be2,/contact
2026-03-03-04:47:24,7230ba21754b851d61e7fdb11f112d0568cf9c766b6f135a1fda358df8e8a95f,/about
2026-03-03-05:25:32,be43cba472cf20ee3702e57e7874aa4d54f0cdc1601397cc2dd5ea0ed1a56009,/checkout
2026-03-03-05:58:57,a277e8b9391f5b1a2f3afecc59dcf09e6b93e0a7d8798162bf34f7c3fb86030c,/product/apple
2026-03-03-06:55:34,7230ba21754b851d61e7fdb11f112d0568cf9c766b6f135a1fda358df8e8a95f,/search
2026-03-03-08:17:36,ce95baac892545faa13eadf1bad66d818b43b1111d179819a9e23c8f12054c53,/products
2026-03-03-08:41:50,2c6b878069c0da01aae302d8c5e20d116782c366f4666b25e2e903ff1d2c44ac,/product/banana
2026-03-03-08:45:28,727d292f6e6e0e8c81754fcd36e0896f25f74353eda03cdd9dfb3839581b6643,/search
2026-03-03-08:55:32,242c53ea958fa066797e0c79532b883f2262355352c9e298676756123b2c3ed2,/cart
2026-03-03-09:58:09,03181d6d65e42d0c4db33b11cfbc1720813f9618794a97a2838612f3b56bda93,/product/orange
2026-03-03-10:10:24,64d89e7601f9e080eda5e25539a3481fe8a8ec8141509129976bad00eed27be2,/checkout
2026-03-03-10:19:27,be43cba472cf20ee3702e57e7874aa4d54f0cdc1601397cc2dd5ea0ed1a56009,/products
2026-03-03-10:38:40,242c53ea958fa066797e0c79532b883f2262355352c9e298676756123b2c3ed2,/checkout
2026-03-03-12:15:21,be43cba472cf20ee3702e57e7874aa4d54f0cdc1601397cc2dd5ea0ed1a56009,/checkout
2026-03-03-12:53:49,7230ba21754b851d61e7fdb11f112d0568cf9c766b6f135a1fda358df8e8a95f,/search
2026-03-03-13:42:56,242c53ea958fa066797e0c79532b883f2262355352c9e298676756123b2c3ed2,/products
2026-03-03-14:24:06,a277e8b9391f5b1a2f3afecc59dcf09e6b93e0a7d8798162bf34f7c3fb86030c,/product/orange
2026-03-03-16:35:44,be43cba472cf20ee3702e57e7874aa4d54f0cdc1601397cc2dd5ea0ed1a56009,/search
2026-03-03-16:52:05,388aec0657c9fa87a330b6d8762630bcc53047d75e497200f33b5e10b75c156f,/contact
2026-03-03-17:18:32,242c53ea958fa066797e0c79532b883f2262355352c9e298676756123b2c3ed2,/product/banana
2026-03-03-17:19:40,ad83b637a6ce635c83c111f92a3f9c1d33f01d927327f509139fab8ed2581a33,/cart
2026-03-03-17:36:05,ad83b637a6ce635c83c111f92a3f9c1d33f01d927327f509139fab8ed2581a33,/product/banana
2026-03-03-18:21:51,03181d6d65e42d0c4db33b11cfbc1720813f9618794a97a2838612f3b56bda93,/about
2026-03-03-20:06:59,be43cba472cf20ee3702e57e7874aa4d54f0cdc1601397cc2dd5ea0ed1a56009,/index
2026-03-03-21:20:09,242c53ea958fa066797e0c79532b883f2262355352c9e298676756123b2c3ed2,/index
2026-03-03-21:37:15,be43cba472cf20ee3702e57e7874aa4d54f0cdc1601397cc2dd5ea0ed1a56009,/index
2026-03-03-22:04:19,be43cba472cf20ee3702e57e7874aa4d54f0cdc1601397cc2dd5ea0ed1a56009,/product/banana
2026-03-03-23:04:49,fdf23a7d1f1329b84cf702f1bae491ee47ec64d3b35cd9797597ecd91243a319,/search
2026-03-03-23:08:59,2c6b878069c0da01aae302d8c5e20d116782c366f4666b25e2e903ff1d2c44ac,/index
2026-03-03-23:44:05,ad83b637a6ce635c83c111f92a3f9c1d33f01d927327f509139fab8ed2581a33,/products
2026-03-04-00:47:04,21be069bcf9562d93159b4eff634f0b7b0f6838a1b1a73f25ffe64dbe3b54762,/about
2026-03-04-00:59:28,74231fb734682f263bd7df4cacbdea790dfdf8a20ce8050c507d5ad0c2c3d341,/product/banana
2026-03-04-00:59:49,8faa85c0e3825a4755027825861912a1f6fe772b1ca6ccdc8fb66175d25965a9,/search
2026-03-04-01:52:19,08b789be0b298d38955be01c770fc222d4e8d7cc9d6fefe209bae93c90ef2ca2,/product/orange
2026-03-04-01:56:19,74231fb734682f263bd7df4cacbdea790dfdf8a20ce8050c507d5ad0c2c3d341,/index
2026-03-04-04:17:09,08b789be0b298d38955be01c770fc222d4e8d7cc9d6fefe209bae93c90ef2ca2,/cart
2026-03-04-04:26:09,ce5f26ce49e677d6fe2b5e2f458e8c0d9dd31b28ebab3d40d8d5dc02e18bb6ec,/product/banana
2026-03-04-04:46:14,b09a946e522dbc14f292aed4c172a16ecc8cfde89b7a4f51d0000427db236cb9,/product/apple
2026-03-04-05:17:30,8faa85c0e3825a4755027825861912a1f6fe772b1ca6ccdc8fb66175d25965a9,/product/banana
2026-03-04-05:25:17,08b789be0b298d38955be01c770fc222d4e8d7cc9d6fefe209bae93c90ef2ca2,/contact
2026-03-04-06:03:04,ce5f26ce49e677d6fe2b5e2f458e8c0d9dd31b28ebab3d40d8d5dc02e18bb6ec,/about
2026-03-04-06:03:18,8faa85c0e3825a4755027825861912a1f6fe772b1ca6ccdc8fb66175d25965a9,/products
2026-03-04-06:50:38,153443b884fa5c21e8b61c6ce50a4f81f7c55637cd30a7abb82e7a1408ecd26f,/cart
2026-03-04-09:26:55,ea78117f540da9640a0998513715a2bef0d6ec0de5832d27cc0d20762f8096e6,/checkout
2026-03-04-10:00:06,71f0ba50d5728b71ce3c4adbabde3bc69818e8c8f1282cbf1545477632b4c9dd,/contact
2026-03-04-10:05:46,b09a946e522dbc14f292aed4c172a16ecc8cfde89b7a4f51d0000427db236cb9,/contact
2026-03-04-10:14:43,1d6f8e33d6fcbb8f530ad3e99773474a7cd94c11978df40ad6e7177ff3e0b415,/product/apple
2026-03-04-10:31:13,ce5f26ce49e677d6fe2b5e2f458e8c0d9dd31b28ebab3d40d8d5dc02e18bb6ec,/product/apple
2026-03-04-11:40:14,21be069bcf9562d93159b4eff634f0b7b0f6838a1b1a73f25ffe64dbe3b54762,/about
2026-03-04-13:16:16,ce5f26ce49e677d6fe2b5e2f458e8c0d9dd31b28ebab3d40d8d5dc02e18bb6ec,/cart
2026-03-04-15:59:34,bc80be6473734f008d8b444595687847a6a7bda22fd722a2bcfcb2b2b755732e,/about
2026-03-04-16:18:29,bc80be6473734f008d8b444595687847a6a7bda22fd722a2bcfcb2b2b755732e,/product/banana
2026-03-04-16:56:08,dcacd777f1640bde72757e696d4d8b260b33a93937d950c4740416b55d3133da,/contact
2026-03-04-17:24:39,b09a946e522dbc14f292aed4c172a16ecc8cfde89b7a4f51d0000427db236cb9,/product/apple
2026-03-04-17:59:26,1d6f8e33d6fcbb8f530ad3e99773474a7cd94c11978df40ad6e7177ff3e0b415,/products
2026-03-04-18:04:45,bc80be6473734f008d8b444595687847a6a7bda22fd722a2bcfcb2b2b755732e,/index
2026-03-04-18:48:11,71f0ba50d5728b71ce3c4adbabde3bc69818e8c8f1282cbf1545477632b4c9dd,/about
2026-03-04-18:54:27,74231fb734682f263bd7df4cacbdea790dfdf8a20ce8050c507d5ad0c2c3d341,/cart
2026-03-04-19:15:56,dcacd777f1640bde72757e696d4d8b260b33a93937d950c4740416b55d3133da,/product/banana
2026-03-04-20:53:15,08b789be0b298d38955be01c770fc222d4e8d7cc9d6fefe209bae93c90ef2ca2,/search
2026-03-04-21:02:48,21be069bcf9562d93159b4eff634f0b7b0f6838a1b1a73f25ffe64dbe3b54762,/checkout
2026-03-04-21:28:05,71f0ba50d5728b71ce3c4adbabde3bc69818e8c8f1282cbf1545477632b4c9dd,/products
2026-03-04-21:54:33,08b789be0b298d38955be01c770fc222d4e8d7cc9d6fefe209bae93c90ef2ca2,/cart
2026-03-04-22:04:23,ea78117f540da9640a0998513715a2bef0d6ec0de5832d27cc0d20762f8096e6,/contact
2026-03-04-22:19:16,bc80be6473734f008d8b444595687847a6a7bda22fd722a2bcfcb2b2b755732e,/search
2026-03-04-22:20:42,8faa85c0e3825a4755027825861912a1f6fe772b1ca6ccdc8fb66175d25965a9,/cart
2026-03-04-23:28:12,bc80be6473734f008d8b444595687847a6a7bda22fd722a2bcfcb2b2b755732e,/index
2026-03-04-23:43:32,74231fb734682f263bd7df4cacbdea790dfdf8a20ce8050c507d5ad0c2c3d341,/product/apple
2026-03-04-23:43:45,b09a946e522dbc14f292aed4c172a16ecc8cfde89b7a4f51d0000427db236cb9,/cart
2026-03-05-00:07:51,94f52fabda806282ae602eff62f4cc359dfaa473a65034dadbc51abfee32ff11,/about
2026-03-05-00:57:42,23b5b057135fbf3b395a3856bd30776bb813d9a5f8a6fdb52a7bfaef2b909078,/product/orange
2026-03-05-01:05:47,15042b9a73924cb826448f5c60eea0a3f6ce8f7c930052c8be0fe64ee4872dc6,/index
2026-03-05-01:12:15,23b5b057135fbf3b395a3856bd30776bb813d9a5f8a6fdb52a7bfaef2b909078,/product/apple
2026-03-05-01:42:51,23b5b057135fbf3b395a3856bd30776bb813d9a5f8a6fdb52a7bfaef2b909078,/contact
2026-03-05-02:15:36,f5d47c79724c99f0ab81e1e9d8159abc2d7070e4673218f62b1e7a0e5fab0ae4,/index
2026-03-05-02:29:00,2647537945c7893a9287628d2f27f30f6787934caef98c77ea92e901637e3b93,/products
2026-03-05-03:35:40,5b0a516f2a3b3b696b9fbc351b2e0d27bc613e28671b71c00d3a7b48b6cabb0c,/product/banana
2026-03-05-03:53:05,4e8e25dbd540882f5ec9a3ac9e7da0d19a55a083f5cf6d5900f44fd780273d47,/about
2026-03-05-03:59:22,e913455481e9264d80b399d93044bad7a466fce6935fa12e967b1a5a54ab9a65,/about
2026-03-05-04:52:46,4e8e25dbd540882f5ec9a3ac9e7da0d19a55a083f5cf6d5900f44fd780273d47,/product/banana
2026-03-05-05:08:48,f5d47c79724c99f0ab81e1e9d8159abc2d7070e4673218f62b1e7a0e5fab0ae4,/products
2026-03-05-05:29:17,6e59f6340c87fe23be5708712359a6585bd0508a5f4ed4a40368d89c809fe747,/cart
2026-03-05-06:19:53,39f92e3422db3af096e1e29623cc283f104ad55caa778c2a7a6843152810c06a,/about
2026-03-05-06:33:28,e87cb13d6a28293145f75105e744db5eea2b94bc14e4472dced275bfa48e20af,/contact
2026-03-05-06:41:50,94f52fabda806282ae602eff62f4cc359dfaa473a65034dadbc51abfee32ff11,/checkout
2026-03-05-08:19:18,5b0a516f2a3b3b696b9fbc351b2e0d27bc613e28671b71c00d3a7b48b6cabb0c,/checkout
2026-03-05-08:51:48,94f52fabda806282ae602eff62f4cc359dfaa473a65034dadbc51abfee32ff11,/search
2026-03-05-09:33:42,23b5b057135fbf3b395a3856bd30776bb813d9a5f8a6fdb52a7bfaef2b909078,/products
2026-03-05-10:21:42,94f52fabda806282ae602eff62f4cc359dfaa473a65034dadbc51abfee32ff11,/product/apple
2026-03-05-11:36:17,2647537945c7893a9287628d2f27f30f6787934caef98c77ea92e901637e3b93,/contact
2026-03-05-11:40:53,4e8e25dbd540882f5ec9a3ac9e7da0d19a55a083f5cf6d5900f44fd780273d47,/product/apple
2026-03-05-13:00:11,e913455481e9264d80b399d93044bad7a466fce6935fa12e967b1a5a54ab9a65,/products
2026-03-05-14:06:39,2647537945c7893a9287628d2f27f30f6787934caef98c77ea92e901637e3b93,/product/orange
2026-03-05-14:07:51,1161dbb18b6668f75e3c3457468a0e342dfc9f92a1c3e1bac98e214dc938e0b6,/product/apple
2026-03-05-14:28:45,6e59f6340c87fe23be5708712359a6585bd0508a5f4ed4a40368d89c809fe747,/contact
2026-03-05-15:12:40,2647537945c7893a9287628d2f27f30f6787934caef98c77ea92e901637e3b93,/checkout
2026-03-05-15:36:45,6e59f6340c87fe23be5708712359a6585bd0508a5f4ed4a40368d89c809fe747,/checkout
2026-03-05-16:42:33,5b0a516f2a3b3b696b9fbc351b2e0d27bc613e28671b71c00d3a7b48b6cabb0c,/cart
2026-03-05-17:26:42,15042b9a73924cb826448f5c60eea0a3f6ce8f7c930052c8be0fe64ee4872dc6,/contact
2026-03-05-17:29:04,e87cb13d6a28293145f75105e744db5eea2b94bc14e4472dced275bfa48e20af,/search
2026-03-05-17:48:46,6e59f6340c87fe23be5708712359a6585bd0508a5f4ed4a40368d89c809fe747,/contact
2026-03-05-17:52:55,39f92e3422db3af096e1e29623cc283f104ad55caa778c2a7a6843152810c06a,/cart
2026-03-05-18:00:43,1161dbb18b6668f75e3c3457468a0e342dfc9f92a1c3e1bac98e214dc938e0b6,/product/banana
2026-03-05-18:13:20,4e8e25dbd540882f5ec9a3ac9e7da0d19a55a083f5cf6d5900f44fd780273d47,/index
2026-03-05-18:57:05,15042b9a73924cb826448f5c60eea0a3f6ce8f7c930052c8be0fe64ee4872dc6,/cart
2026-03-05-19:32:36,39f92e3422db3af096e1e29623cc283f104ad55caa778c2a7a6843152810c06a,/search
2026-03-05-19:48:25,e913455481e9264d80b399d93044bad7a466fce6935fa12e967b1a5a54ab9a65,/product/banana
2026-03-05-19:53:42,4e8e25dbd540882f5ec9a3ac9e7da0d19a55a083f5cf6d5900f44fd780273d47,/product/banana
2026-03-05-20:00:09,15042b9a73924cb826448f5c60eea0a3f6ce8f7c930052c8be0fe64ee4872dc6,/product/apple
2026-03-05-20:54:59,39f92e3422db3af096e1e29623cc283f104ad55caa778c2a7a6843152810c06a,/search
2026-03-05-21:07:56,94f52fabda806282ae602eff62f4cc359dfaa473a65034dadbc51abfee32ff11,/checkout
2026-03-05-21:23:13,f5d47c79724c99f0ab81e1e9d8159abc2d7070e4673218f62b1e7a0e5fab0ae4,/index
2026-03-05-23:19:19,5b0a516f2a3b3b696b9fbc351b2e0d27bc613e28671b71c00d3a7b48b6cabb0c,/product/apple
2026-03-06-00:05:01,b182380738e42373b87ff7711400d96236e8778d731fa9d65e1a4b6a30e9bbc1,/index
2026-03-06-00:13:31,b182380738e42373b87ff7711400d96236e8778d731fa9d65e1a4b6a30e9bbc1,/checkout
2026-03-06-00:34:33,f3990b6a3bc76527795a849df1c8ce0e2f0ef10bc593ec969273e0fc14b14410,/cart
2026-03-06-00:57:55,53ecdae3d98c6e04498703eeeb625e950337bb8eea8bba7afeb33cfaf47dd64d,/checkout
2026-03-06-00:58:16,4d25070f2a68643dba04a4028ea00d5d3697e4594295ab801a329ea692dda1cc,/about
2026-03-06-01:00:14,5fb30286d65683505f4fa02136f067538b65d77330ae04dce7b9b64bc6be9ad3,/about
2026-03-06-01:35:36,006aea6b3669765deaf81b5b0f2c1b60e18d3c1ac37491ac884f9e211e7873cd,/index
2026-03-06-01:54:46,df6f6b340ed9c0ed4d717206fc787fe5c97ec9be9fb1e2e0f76e9dbc3f2f235a,/product/orange
2026-03-06-02:01:34,6877b8701e4c71300d7aa74ad9e59c3a856782a04fba81130e4e6789e46a66c1,/search
2026-03-06-02:26:08,5fb30286d65683505f4fa02136f067538b65d77330ae04dce7b9b64bc6be9ad3,/search
2026-03-06-03:00:28,4d25070f2a68643dba04a4028ea00d5d3697e4594295ab801a329ea692dda1cc,/cart
2026-03-06-03:16:23,006aea6b3669765deaf81b5b0f2c1b60e18d3c1ac37491ac884f9e211e7873cd,/index
2026-03-06-03:29:02,f3990b6a3bc76527795a849df1c8ce0e2f0ef10bc593ec969273e0fc14b14410,/product/apple
2026-03-06-03:51:02,b182380738e42373b87ff7711400d96236e8778d731fa9d65e1a4b6a30e9bbc1,/about
2026-03-06-04:29:53,f7901f299fb6bc3eda81f2fb9bc2cdf00ac3ccb3a9e57d3f57291478022ef186,/cart
2026-03-06-04:45:54,5fb30286d65683505f4fa02136f067538b65d77330ae04dce7b9b64bc6be9ad3,/about
2026-03-06-04:48:53,006aea6b3669765deaf81b5b0f2c1b60e18d3c1ac37491ac884f9e211e7873cd,/checkout
2026-03-06-05:02:46,f7901f299fb6bc3eda81f2fb9bc2cdf00ac3ccb3a9e57d3f57291478022ef186,/products
2026-03-06-05:17:16,df6f6b340ed9c0ed4d717206fc787fe5c97ec9be9fb1e2e0f76e9dbc3f2f235a,/checkout
2026-03-06-06:02:33,006aea6b3669765deaf81b5b0f2c1b60e18d3c1ac37491ac884f9e211e7873cd,/index
2026-03-06-06:03:24,04896b8a058f96f10cc6640bb97ae0b65181bc1915fe52ff12b9af964c04179b,/contact
2026-03-06-06:37:16,6877b8701e4c71300d7aa74ad9e59c3a856782a04fba81130e4e6789e46a66c1,/contact
2026-03-06-07:09:06,006aea6b3669765deaf81b5b0f2c1b60e18d3c1ac37491ac884f9e211e7873cd,/about
2026-03-06-07:13:23,04896b8a058f96f10cc6640bb97ae0b65181bc1915fe52ff12b9af964c04179b,/products
2026-03-06-07:53:46,b182380738e42373b87ff7711400d96236e8778d731fa9d65e1a4b6a30e9bbc1,/product/orange
2026-03-06-11:08:13,4d25070f2a68643dba04a4028ea00d5d3697e4594295ab801a329ea692dda1cc,/cart
2026-03-06-11:17:11,499acb26b333769d7e3f8133dae3968060ef32d724476f6a1f2fb38d189a2e58,/checkout
2026-03-06-11:25:51,b182380738e42373b87ff7711400d96236e8778d731fa9d65e1a4b6a30e9bbc1,/about
2026-03-06-11:55:17,6877b8701e4c71300d7aa74ad9e59c3a856782a04fba81130e4e6789e46a66c1,/checkout
2026-03-06-12:03:19,f7901f299fb6bc3eda81f2fb9bc2cdf00ac3ccb3a9e57d3f57291478022ef186,/contact
2026-03-06-12:47:49,04896b8a058f96f10cc6640bb97ae0b65181bc1915fe52ff12b9af964c04179b,/index
2026-03-06-13:18:17,6877b8701e4c71300d7aa74ad9e59c3a856782a04fba81130e4e6789e46a66c1,/index
2026-03-06-13:35:50,f7901f299fb6bc3eda81f2fb9bc2cdf00ac3ccb3a9e57d3f57291478022ef186,/contact
2026-03-06-14:06:35,5fb30286d65683505f4fa02136f067538b65d77330ae04dce7b9b64bc6be9ad3,/product/banana
2026-03-06-14:37:22,006aea6b3669765deaf81b5b0f2c1b60e18d3c1ac37491ac884f9e211e7873cd,/index
2026-03-06-14:43:14,4d25070f2a68643dba04a4028ea00d5d3697e4594295ab801a329ea692dda1cc,/cart
2026-03-06-14:48:04,499acb26b333769d7e3f8133dae3968060ef32d724476f6a1f2fb38d189a2e58,/index
2026-03-06-14:52:22,53ecdae3d98c6e04498703eeeb625e950337bb8eea8bba7afeb33cfaf47dd64d,/product/banana
2026-03-06-15:14:12,4d25070f2a68643dba04a4028ea00d5d3697e4594295ab801a329ea692dda1cc,/cart
2026-03-06-15:56:47,499acb26b333769d7e3f8133dae3968060ef32d724476f6a1f2fb38d189a2e58,/product/apple
2026-03-06-16:31:49,f3990b6a3bc76527795a849df1c8ce0e2f0ef10bc593ec969273e0fc14b14410,/cart
2026-03-06-17:46:46,53ecdae3d98c6e04498703eeeb625e950337bb8eea8bba7afeb33cfaf47dd64d,/contact
2026-03-06-18:37:53,df6f6b340ed9c0ed4d717206fc787fe5c97ec9be9fb1e2e0f76e9dbc3f2f235a,/contact
2026-03-06-20:26:14,f7901f299fb6bc3eda81f2fb9bc2cdf00ac3ccb3a9e57d3f57291478022ef186,/product/orange
2026-03-06-21:17:35,53ecdae3d98c6e04498703eeeb625e950337bb8eea8bba7afeb33cfaf47dd64d,/product/banana
2026-03-06-22:47:49,4d25070f2a68643dba04a4028ea00d5d3697e4594295ab801a329ea692dda1cc,/checkout
2026-03-06-22:49:30,5fb30286d65683505f4fa02136f067538b65d77330ae04dce7b9b64bc6be9ad3,/product/apple
2026-03-06-22:59:47,ffea254f1c72e766168c3b2dddf73f267af4fb0d2286c040b430f3ec07b6a739,/contact
2026-03-06-23:05:37,f3990b6a3bc76527795a849df1c8ce0e2f0ef10bc593ec969273e0fc14b14410,/product/banana
2026-03-06-23:30:22,499acb26b333769d7e3f8133dae3968060ef32d724476f6a1f2fb38d189a2e58,/cart
2026-03-07-01:06:20,eb6ce7c077baafd1f85d5632e579f84698c68e48a29b925c19f106bcddf2e2fd,/checkout
2026-03-07-01:59:52,24c4d14eea46dcbccd7b356187a49f6f88f6c0e12961cb1780e9869c089d58c8,/contact
2026-03-07-02:09:17,5b0269481aebe53802a2669e16269d1a23d8a0d1b5c994004726fce894297b8e,/contact
2026-03-07-02:12:36,ba4a407082c2aac33b1829bd4eb2c7d09fedd433ea5cb28587281c2bec687383,/search
2026-03-07-02:28:38,eb6ce7c077baafd1f85d5632e579f84698c68e48a29b925c19f106bcddf2e2fd,/search
2026-03-07-02:51:08,24c4d14eea46dcbccd7b356187a49f6f88f6c0e12961cb1780e9869c089d58c8,/product/apple
2026-03-07-03:19:28,eb6ce7c077baafd1f85d5632e579f84698c68e48a29b925c19f106bcddf2e2fd,/about
2026-03-07-04:01:23,870708fc3bcce12d54e7b7c7bd4c187b57794769b903e6dbd6a795055c2701d4,/search
2026-03-07-04:07:07,7a9ac8bd859f9e7953401ee98c76015102963e8d7c901ae28d2005295462be75,/product/apple
2026-03-07-04:46:48,ba4a407082c2aac33b1829bd4eb2c7d09fedd433ea5cb28587281c2bec687383,/product/banana
2026-03-07-06:26:58,a9c7fa53c20cd506802d1a48c6c80a1bf5141f5001de746a832226e3a5e25c62,/search
2026-03-07-08:10:31,a9c7fa53c20cd506802d1a48c6c80a1bf5141f5001de746a832226e3a5e25c62,/cart
2026-03-07-08:32:50,11ed1a7ce2ac5b624b65833576a787b42d78fb7e6604c45c1f971af0a3489a9d,/product/banana
2026-03-07-08:40:59,a9c7fa53c20cd506802d1a48c6c80a1bf5141f5001de746a832226e3a5e25c62,/product/apple
2026-03-07-08:52:43,eb6ce7c077baafd1f85d5632e579f84698c68e48a29b925c19f106bcddf2e2fd,/contact
2026-03-07-09:12:59,e8b6b30d8bd610d3d49a67fa30b0a684f6f81c16654e645bd0f89644605e3a9e,/contact
2026-03-07-09:14:50,11ed1a7ce2ac5b624b65833576a787b42d78fb7e6604c45c1f971af0a3489a9d,/checkout
2026-03-07-09:20:47,870708fc3bcce12d54e7b7c7bd4c187b57794769b903e6dbd6a795055c2701d4,/product/apple
2026-03-07-09:45:17,e8b6b30d8bd610d3d49a67fa30b0a684f6f81c16654e645bd0f89644605e3a9e,/about
2026-03-07-10:26:39,a9c7fa53c20cd506802d1a48c6c80a1bf5141f5001de746a832226e3a5e25c62,/index
2026-03-07-10:51:36,5b0269481aebe53802a2669e16269d1a23d8a0d1b5c994004726fce894297b8e,/search
2026-03-07-11:01:28,11ed1a7ce2ac5b624b65833576a787b42d78fb7e6604c45c1f971af0a3489a9d,/about
2026-03-07-12:02:55,24c4d14eea46dcbccd7b356187a49f6f88f6c0e12961cb1780e9869c089d58c8,/product/banana
2026-03-07-12:23:32,b845e27519b8134510a8054ea3c0ab0c9e81e9037e50b70fc0b27b70514471ea,/search
2026-03-07-12:55:29,f9e5f395b09ca4709ffbc7f35cf7ffc7eb00c05623b39688da7b86df96402d99,/product/orange
2026-03-07-13:18:25,ba4a407082c2aac33b1829bd4eb2c7d09fedd433ea5cb28587281c2bec687383,/contact
2026-03-07-13:50:39,24c4d14eea46dcbccd7b356187a49f6f88f6c0e12961cb1780e9869c089d58c8,/product/orange
2026-03-07-13:55:55,c1824ffeb1134eec6795ef0b1b19390759d1aa452d4b8bac5c73581536294f15,/index
2026-03-07-13:58:01,870708fc3bcce12d54e7b7c7bd4c187b57794769b903e6dbd6a795055c2701d4,/product/banana
2026-03-07-14:01:21,7a9ac8bd859f9e7953401ee98c76015102963e8d7c901ae28d2005295462be75,/product/orange
2026-03-07-15:06:27,e8b6b30d8bd610d3d49a67fa30b0a684f6f81c16654e645bd0f89644605e3a9e,/cart
2026-03-07-15:44:57,b845e27519b8134510a8054ea3c0ab0c9e81e9037e50b70fc0b27b70514471ea,/checkout
2026-03-07-16:07:35,a9c7fa53c20cd506802d1a48c6c80a1bf5141f5001de746a832226e3a5e25c62,/product/orange
2026-03-07-16:27:59,e8b6b30d8bd610d3d49a67fa30b0a684f6f81c16654e645bd0f89644605e3a9e,/about
2026-03-07-16:29:53,870708fc3bcce12d54e7b7c7bd4c187b57794769b903e6dbd6a795055c2701d4,/product/apple
2026-03-07-18:42:21,24c4d14eea46dcbccd7b356187a49f6f88f6c0e12961cb1780e9869c089d58c8,/product/orange
2026-03-07-18:46:45,11ed1a7ce2ac5b624b65833576a787b42d78fb7e6604c45c1f971af0a3489a9d,/search
2026-03-07-19:51:58,5b0269481aebe53802a2669e16269d1a23d8a0d1b5c994004726fce894297b8e,/products
2026-03-07-20:30:10,c1824ffeb1134eec6795ef0b1b19390759d1aa452d4b8bac5c73581536294f15,/contact
2026-03-07-21:44:51,b845e27519b8134510a8054ea3c0ab0c9e81e9037e50b70fc0b27b70514471ea,/index
2026-03-07-21:56:44,f9e5f395b09ca4709ffbc7f35cf7ffc7eb00c05623b39688da7b86df96402d99,/search
2026-03-07-22:19:08,11ed1a7ce2ac5b624b65833576a787b42d78fb7e6604c45c1f971af0a3489a9d,/product/apple
2026-03-07-22:30:19,b845e27519b8134510a8054ea3c0ab0c9e81e9037e50b70fc0b27b70514471ea,/product/apple
2026-03-07-22:46:19,5b0269481aebe53802a2669e16269d1a23d8a0d1b5c994004726fce894297b8e,/search
2026-03-07-22:54:46,11ed1a7ce2ac5b624b65833576a787b42d78fb7e6604c45c1f971af0a3489a9d,/product/apple
